{"Labels": {"_type": "images/separated", "width": 1600, "height": 1600, "format": "jpg", "count": 2, "captions": ["labels.jpg", "labels_correlogram.jpg"]}, "Mosaics": {"_type": "images/separated", "width": 1920, "height": 1920, "format": "jpg", "count": 3, "captions": ["train_batch0.jpg", "train_batch1.jpg", "train_batch2.jpg"]}, "train/box_loss": 0.035749401897192, "train/obj_loss": 0.013154658488929272, "train/cls_loss": 0.010932144708931446, "metrics/precision": 0.8423772508789709, "metrics/recall": 0.8283486487841905, "metrics/mAP_0.5": 0.9186413802095045, "metrics/mAP_0.5:0.95": 0.6918891703945632, "val/box_loss": 0.02663225494325161, "val/obj_loss": 0.005099667701870203, "val/cls_loss": 0.006162264384329319, "x/lr0": 0.0056299804651479554, "x/lr1": 0.0056299804651479554, "x/lr2": 0.04932998046514796, "_runtime": 285, "_timestamp": 1636244544, "_step": 5}